年度,地區別,稻作類別,稻作品項,收穫面積,產量,
2016,新北市,水稻,稉稻(蓬萊),159.53,657.593,
2016,台北市,水稻,稉稻(蓬萊),475.55,1373.003,
2016,台中市,水稻,稉稻(蓬萊),15451,59915.83,
2016,台南市,水稻,稉稻(蓬萊),25214.77,108314.41,
2016,高雄市,水稻,稉稻(蓬萊),21382.53,101527.088,
2016,宜蘭縣,水稻,稉稻(蓬萊),4681.35,25960.141,
2016,桃園縣,水稻,稉稻(蓬萊),10079.96,50586.165,
2016,新竹縣,水稻,稉稻(蓬萊),8127.96,33080.938,
2016,苗栗縣,水稻,稉稻(蓬萊),11788.94,49711.848,
2016,彰化縣,水稻,稉稻(蓬萊),38221.81,178072.76,
2016,南投縣,水稻,稉稻(蓬萊),4415.48,21413.25,
2016,雲林縣,水稻,稉稻(蓬萊),40371.92,220749.187,
2016,嘉義縣,水稻,稉稻(蓬萊),31841.38,132357.483,
2016,屏東縣,水稻,稉稻(蓬萊),6538.39,36687.641,
2016,台東縣,水稻,稉稻(蓬萊),12579.91,52989.424,
2016,花蓮縣,水稻,稉稻(蓬萊),17026.36,68647.506,
2016,澎湖縣,水稻,稉稻(蓬萊),0,0,
2016,基隆市,水稻,稉稻(蓬萊),0,0,
2016,新竹市,水稻,稉稻(蓬萊),1132.62,5100.921,
2016,嘉義市,水稻,稉稻(蓬萊),1102.75,4309.611,
2016,新北市,水稻,硬秈稻(在來),0,0,
2016,台北市,水稻,硬秈稻(在來),0,0,
2016,台中市,水稻,硬秈稻(在來),17.5,75.601,
2016,台南市,水稻,硬秈稻(在來),64.3,266.341,
2016,高雄市,水稻,硬秈稻(在來),42.87,181.925,
2016,宜蘭縣,水稻,硬秈稻(在來),1.5,4.486,
2016,桃園縣,水稻,硬秈稻(在來),0,0,
2016,新竹縣,水稻,硬秈稻(在來),20.34,61.843,
2016,苗栗縣,水稻,硬秈稻(在來),12.6,46.109,
2016,彰化縣,水稻,硬秈稻(在來),38,173.249,
2016,南投縣,水稻,硬秈稻(在來),0,0,
2016,雲林縣,水稻,硬秈稻(在來),250.33,1295.218,
2016,嘉義縣,水稻,硬秈稻(在來),774.56,3497.194,
2016,屏東縣,水稻,硬秈稻(在來),341,2092.527,
2016,台東縣,水稻,硬秈稻(在來),0,0,
2016,花蓮縣,水稻,硬秈稻(在來),0,0,
2016,澎湖縣,水稻,硬秈稻(在來),0,0,
2016,基隆市,水稻,硬秈稻(在來),0,0,
2016,新竹市,水稻,硬秈稻(在來),0,0,
2016,嘉義市,水稻,硬秈稻(在來),283,1165.337,
2016,新北市,水稻,軟秈稻(秈稻),0,0,
2016,台北市,水稻,軟秈稻(秈稻),0,0,
2016,台中市,水稻,軟秈稻(秈稻),119.09,514.286,
2016,台南市,水稻,軟秈稻(秈稻),122.9,473.089,
2016,高雄市,水稻,軟秈稻(秈稻),627.99,3329.252,
2016,宜蘭縣,水稻,軟秈稻(秈稻),84.28,476.852,
2016,桃園縣,水稻,軟秈稻(秈稻),867,4375.882,
2016,新竹縣,水稻,軟秈稻(秈稻),4.09,16.87,
2016,苗栗縣,水稻,軟秈稻(秈稻),55,252.755,
2016,彰化縣,水稻,軟秈稻(秈稻),6189.02,29059.806,
2016,南投縣,水稻,軟秈稻(秈稻),100.42,556.622,
2016,雲林縣,水稻,軟秈稻(秈稻),442.35,2413.211,
2016,嘉義縣,水稻,軟秈稻(秈稻),44.46,122.311,
2016,屏東縣,水稻,軟秈稻(秈稻),0,0,
2016,台東縣,水稻,軟秈稻(秈稻),0,0,
2016,花蓮縣,水稻,軟秈稻(秈稻),373,1738.085,
2016,澎湖縣,水稻,軟秈稻(秈稻),0,0,
2016,基隆市,水稻,軟秈稻(秈稻),0,0,
2016,新竹市,水稻,軟秈稻(秈稻),0,0,
2016,嘉義市,水稻,軟秈稻(秈稻),0,0,
2016,新北市,水稻,稉糯稻(圓糯),0,0,
2016,台北市,水稻,稉糯稻(圓糯),0,0,
2016,台中市,水稻,稉糯稻(圓糯),8,35.549,
2016,台南市,水稻,稉糯稻(圓糯),344.89,1597.387,
2016,高雄市,水稻,稉糯稻(圓糯),925.07,4732.871,
2016,宜蘭縣,水稻,稉糯稻(圓糯),38,219.174,
2016,桃園縣,水稻,稉糯稻(圓糯),285,1441.753,
2016,新竹縣,水稻,稉糯稻(圓糯),5.28,21.779,
2016,苗栗縣,水稻,稉糯稻(圓糯),15.5,64.393,
2016,彰化縣,水稻,稉糯稻(圓糯),160.18,775.11,
2016,南投縣,水稻,稉糯稻(圓糯),1,4.005,
2016,雲林縣,水稻,稉糯稻(圓糯),2071.95,10173.897,
2016,嘉義縣,水稻,稉糯稻(圓糯),210.2,740.768,
2016,屏東縣,水稻,稉糯稻(圓糯),50.74,307.784,
2016,台東縣,水稻,稉糯稻(圓糯),129,502.1,
2016,花蓮縣,水稻,稉糯稻(圓糯),312,1274.172,
2016,澎湖縣,水稻,稉糯稻(圓糯),0,0,
2016,基隆市,水稻,稉糯稻(圓糯),0,0,
2016,新竹市,水稻,稉糯稻(圓糯),0,0,
2016,嘉義市,水稻,稉糯稻(圓糯),42,190.002,
2016,新北市,水稻,秈糯稻(長糯),0,0,
2016,台北市,水稻,秈糯稻(長糯),0,0,
2016,台中市,水稻,秈糯稻(長糯),0,0,
2016,台南市,水稻,秈糯稻(長糯),0.8,4.972,
2016,高雄市,水稻,秈糯稻(長糯),1505.21,8275.765,
2016,宜蘭縣,水稻,秈糯稻(長糯),340.07,1957.501,
2016,桃園縣,水稻,秈糯稻(長糯),10,48.754,
2016,新竹縣,水稻,秈糯稻(長糯),0,0,
2016,苗栗縣,水稻,秈糯稻(長糯),38,111.841,
2016,彰化縣,水稻,秈糯稻(長糯),4095.83,18211.417,
2016,南投縣,水稻,秈糯稻(長糯),38,147.602,
2016,雲林縣,水稻,秈糯稻(長糯),1299.51,7269.287,
2016,嘉義縣,水稻,秈糯稻(長糯),98.62,393.103,
2016,屏東縣,水稻,秈糯稻(長糯),252,1539.47,
2016,台東縣,水稻,秈糯稻(長糯),0,0,
2016,花蓮縣,水稻,秈糯稻(長糯),90,433.472,
2016,澎湖縣,水稻,秈糯稻(長糯),0,0,
2016,基隆市,水稻,秈糯稻(長糯),0,0,
2016,新竹市,水稻,秈糯稻(長糯),0,0,
2016,嘉義市,水稻,秈糯稻(長糯),2,10.792,
2015,新北市,水稻,稉稻(蓬萊),115.32,494.368,
2015,台北市,水稻,稉稻(蓬萊),478.21,1422.594,
2015,台中市,水稻,稉稻(蓬萊),7856.82,29825.51,
2015,台南市,水稻,稉稻(蓬萊),24228.46,115588.071,
2015,高雄市,水稻,稉稻(蓬萊),20793.4,107747.616,
2015,宜蘭縣,水稻,稉稻(蓬萊),4989,28668.556,
2015,桃園縣,水稻,稉稻(蓬萊),9945.44,53752.466,
2015,新竹縣,水稻,稉稻(蓬萊),4762.99,20159.103,
2015,苗栗縣,水稻,稉稻(蓬萊),8539.37,37199.446,
2015,彰化縣,水稻,稉稻(蓬萊),38226.78,189426.458,
2015,南投縣,水稻,稉稻(蓬萊),4557.469,22532.04,
2015,雲林縣,水稻,稉稻(蓬萊),41083.01,233312.507,
2015,嘉義縣,水稻,稉稻(蓬萊),25799.02,120213.341,
2015,屏東縣,水稻,稉稻(蓬萊),6459.71,36323.589,
2015,台東縣,水稻,稉稻(蓬萊),12366.24,64544.371,
2015,花蓮縣,水稻,稉稻(蓬萊),17032.44,76031.027,
2015,澎湖縣,水稻,稉稻(蓬萊),0,0,
2015,基隆市,水稻,稉稻(蓬萊),0,0,
2015,新竹市,水稻,稉稻(蓬萊),653.01,2772.386,
2015,嘉義市,水稻,稉稻(蓬萊),1102.2,5127.976,
2015,新北市,水稻,硬秈稻(在來),0,0,
2015,台北市,水稻,硬秈稻(在來),0,0,
2015,台中市,水稻,硬秈稻(在來),6,28.137,
2015,台南市,水稻,硬秈稻(在來),32.3,126.185,
2015,高雄市,水稻,硬秈稻(在來),37.83,134.956,
2015,宜蘭縣,水稻,硬秈稻(在來),12.63,52.472,
2015,桃園縣,水稻,硬秈稻(在來),0,0,
2015,新竹縣,水稻,硬秈稻(在來),0,0,
2015,苗栗縣,水稻,硬秈稻(在來),8.6,37.447,
2015,彰化縣,水稻,硬秈稻(在來),336,1834.845,
2015,南投縣,水稻,硬秈稻(在來),0,0,
2015,雲林縣,水稻,硬秈稻(在來),357.45,1923.232,
2015,嘉義縣,水稻,硬秈稻(在來),609.28,2890.851,
2015,屏東縣,水稻,硬秈稻(在來),327,1998.502,
2015,台東縣,水稻,硬秈稻(在來),0,0,
2015,花蓮縣,水稻,硬秈稻(在來),27,89.422,
2015,澎湖縣,水稻,硬秈稻(在來),0,0,
2015,基隆市,水稻,硬秈稻(在來),0,0,
2015,新竹市,水稻,硬秈稻(在來),0,0,
2015,嘉義市,水稻,硬秈稻(在來),268,1302.225,
2015,新北市,水稻,軟秈稻(秈稻),0,0,
2015,台北市,水稻,軟秈稻(秈稻),0,0,
2015,台中市,水稻,軟秈稻(秈稻),77.47,360.976,
2015,台南市,水稻,軟秈稻(秈稻),86.86,347.648,
2015,高雄市,水稻,軟秈稻(秈稻),572.2,3174.09,
2015,宜蘭縣,水稻,軟秈稻(秈稻),76.38,439.826,
2015,桃園縣,水稻,軟秈稻(秈稻),890,4799.419,
2015,新竹縣,水稻,軟秈稻(秈稻),0,0,
2015,苗栗縣,水稻,軟秈稻(秈稻),19.4,81.486,
2015,彰化縣,水稻,軟秈稻(秈稻),6512.82,30621.783,
2015,南投縣,水稻,軟秈稻(秈稻),150.85,912.882,
2015,雲林縣,水稻,軟秈稻(秈稻),437.34,2521.089,
2015,嘉義縣,水稻,軟秈稻(秈稻),154.8,785.251,
2015,屏東縣,水稻,軟秈稻(秈稻),0,0,
2015,台東縣,水稻,軟秈稻(秈稻),0,0,
2015,花蓮縣,水稻,軟秈稻(秈稻),275,1278.326,
2015,澎湖縣,水稻,軟秈稻(秈稻),0,0,
2015,基隆市,水稻,軟秈稻(秈稻),0,0,
2015,新竹市,水稻,軟秈稻(秈稻),0,0,
2015,嘉義市,水稻,軟秈稻(秈稻),0,0,
2015,新北市,水稻,稉糯稻(圓糯),0.01,0.045,
2015,台北市,水稻,稉糯稻(圓糯),0,0,
2015,台中市,水稻,稉糯稻(圓糯),0,0,
2015,台南市,水稻,稉糯稻(圓糯),319.08,1485.472,
2015,高雄市,水稻,稉糯稻(圓糯),897.26,4541.841,
2015,宜蘭縣,水稻,稉糯稻(圓糯),4.5,25.802,
2015,桃園縣,水稻,稉糯稻(圓糯),271,1497.835,
2015,新竹縣,水稻,稉糯稻(圓糯),0,0,
2015,苗栗縣,水稻,稉糯稻(圓糯),20.2,85.512,
2015,彰化縣,水稻,稉糯稻(圓糯),193.46,1007.39,
2015,南投縣,水稻,稉糯稻(圓糯),4,20.824,
2015,雲林縣,水稻,稉糯稻(圓糯),2265.94,12081.97,
2015,嘉義縣,水稻,稉糯稻(圓糯),226.3,1075.834,
2015,屏東縣,水稻,稉糯稻(圓糯),81.2,492.381,
2015,台東縣,水稻,稉糯稻(圓糯),148.9,712.094,
2015,花蓮縣,水稻,稉糯稻(圓糯),444.2,1965.765,
2015,澎湖縣,水稻,稉糯稻(圓糯),0,0,
2015,基隆市,水稻,稉糯稻(圓糯),0,0,
2015,新竹市,水稻,稉糯稻(圓糯),0,0,
2015,嘉義市,水稻,稉糯稻(圓糯),47,230.45,
2015,新北市,水稻,秈糯稻(長糯),0,0,
2015,台北市,水稻,秈糯稻(長糯),0,0,
2015,台中市,水稻,秈糯稻(長糯),0,0,
2015,台南市,水稻,秈糯稻(長糯),0.8,3.568,
2015,高雄市,水稻,秈糯稻(長糯),1517.48,8995.869,
2015,宜蘭縣,水稻,秈糯稻(長糯),153.74,798.619,
2015,桃園縣,水稻,秈糯稻(長糯),16,88.35,
2015,新竹縣,水稻,秈糯稻(長糯),0,0,
2015,苗栗縣,水稻,秈糯稻(長糯),4.2,13.093,
2015,彰化縣,水稻,秈糯稻(長糯),3360.66,15458.824,
2015,南投縣,水稻,秈糯稻(長糯),41.6,153.463,
2015,雲林縣,水稻,秈糯稻(長糯),1245.02,6941.126,
2015,嘉義縣,水稻,秈糯稻(長糯),164,855.28,
2015,屏東縣,水稻,秈糯稻(長糯),86.8,525.551,
2015,台東縣,水稻,秈糯稻(長糯),0,0,
2015,花蓮縣,水稻,秈糯稻(長糯),77.5,389.88,
2015,澎湖縣,水稻,秈糯稻(長糯),0,0,
2015,基隆市,水稻,秈糯稻(長糯),0,0,
2015,新竹市,水稻,秈糯稻(長糯),0,0,
2015,嘉義市,水稻,秈糯稻(長糯),6,32.565,
2014,新北市,水稻,稉稻(蓬萊),162,666,
2014,台北市,水稻,稉稻(蓬萊),475,1635,
2014,台中市,水稻,稉稻(蓬萊),25716,122875,
2014,台南市,水稻,稉稻(蓬萊),20766,115169,
2014,高雄市,水稻,稉稻(蓬萊),4821,26680,
2014,宜蘭縣,水稻,稉稻(蓬萊),9800,50132,
2014,桃園縣,水稻,稉稻(蓬萊),13997,56153,
2014,新竹縣,水稻,稉稻(蓬萊),7990,35289,
2014,苗栗縣,水稻,稉稻(蓬萊),11482,52818,
2014,彰化縣,水稻,稉稻(蓬萊),36793,198395,
2014,南投縣,水稻,稉稻(蓬萊),4486,24079,
2014,雲林縣,水稻,稉稻(蓬萊),40397,234648,
2014,嘉義縣,水稻,稉稻(蓬萊),31291,166162,
2014,屏東縣,水稻,稉稻(蓬萊),5944,34207,
2014,台東縣,水稻,稉稻(蓬萊),12326,59520,
2014,花蓮縣,水稻,稉稻(蓬萊),16885,73363,
2014,澎湖縣,水稻,稉稻(蓬萊),-,-,
2014,基隆市,水稻,稉稻(蓬萊),-,-,
2014,新竹市,水稻,稉稻(蓬萊),1064,4641,
2014,嘉義市,水稻,稉稻(蓬萊),1110,5813,
2014,新北市,水稻,硬秈稻(在來),-,-,
2014,台北市,水稻,硬秈稻(在來),-,-,
2014,台中市,水稻,硬秈稻(在來),104,447,
2014,台南市,水稻,硬秈稻(在來),75,374,
2014,高雄市,水稻,硬秈稻(在來),3,17,
2014,宜蘭縣,水稻,硬秈稻(在來),-,-,
2014,桃園縣,水稻,硬秈稻(在來),12,46,
2014,新竹縣,水稻,硬秈稻(在來),13,54,
2014,苗栗縣,水稻,硬秈稻(在來),14,66,
2014,彰化縣,水稻,硬秈稻(在來),138,733,
2014,南投縣,水稻,硬秈稻(在來),-,-,
2014,雲林縣,水稻,硬秈稻(在來),416,2425,
2014,嘉義縣,水稻,硬秈稻(在來),695,3724,
2014,屏東縣,水稻,硬秈稻(在來),542,3285,
2014,台東縣,水稻,硬秈稻(在來),-,-,
2014,花蓮縣,水稻,硬秈稻(在來),22,98,
2014,澎湖縣,水稻,硬秈稻(在來),-,-,
2014,基隆市,水稻,硬秈稻(在來),-,-,
2014,新竹市,水稻,硬秈稻(在來),-,-,
2014,嘉義市,水稻,硬秈稻(在來),271,1435,
2014,新北市,水稻,軟秈稻(秈稻),-,-,
2014,台北市,水稻,軟秈稻(秈稻),-,-,
2014,台中市,水稻,軟秈稻(秈稻),88,414,
2014,台南市,水稻,軟秈稻(秈稻),607,3225,
2014,高雄市,水稻,軟秈稻(秈稻),45,245,
2014,宜蘭縣,水稻,軟秈稻(秈稻),887,4467,
2014,桃園縣,水稻,軟秈稻(秈稻),469,2021,
2014,新竹縣,水稻,軟秈稻(秈稻),-,-,
2014,苗栗縣,水稻,軟秈稻(秈稻),24,111,
2014,彰化縣,水稻,軟秈稻(秈稻),7056,36983,
2014,南投縣,水稻,軟秈稻(秈稻),127,691,
2014,雲林縣,水稻,軟秈稻(秈稻),477,2681,
2014,嘉義縣,水稻,軟秈稻(秈稻),187,1004,
2014,屏東縣,水稻,軟秈稻(秈稻),-,-,
2014,台東縣,水稻,軟秈稻(秈稻),-,-,
2014,花蓮縣,水稻,軟秈稻(秈稻),223,1000,
2014,澎湖縣,水稻,軟秈稻(秈稻),-,-,
2014,基隆市,水稻,軟秈稻(秈稻),-,-,
2014,新竹市,水稻,軟秈稻(秈稻),-,-,
2014,嘉義市,水稻,軟秈稻(秈稻),-,-,
2014,新北市,水稻,稉糯稻(圓糯),0,0,
2014,台北市,水稻,稉糯稻(圓糯),-,-,
2014,台中市,水稻,稉糯稻(圓糯),382,1905,
2014,台南市,水稻,稉糯稻(圓糯),1052,5664,
2014,高雄市,水稻,稉糯稻(圓糯),0,1,
2014,宜蘭縣,水稻,稉糯稻(圓糯),245,1283,
2014,桃園縣,水稻,稉糯稻(圓糯),-,-,
2014,新竹縣,水稻,稉糯稻(圓糯),-,-,
2014,苗栗縣,水稻,稉糯稻(圓糯),15,68,
2014,彰化縣,水稻,稉糯稻(圓糯),185,1031,
2014,南投縣,水稻,稉糯稻(圓糯),3,16,
2014,雲林縣,水稻,稉糯稻(圓糯),2344,13504,
2014,嘉義縣,水稻,稉糯稻(圓糯),236,1237,
2014,屏東縣,水稻,稉糯稻(圓糯),61,356,
2014,台東縣,水稻,稉糯稻(圓糯),124,504,
2014,花蓮縣,水稻,稉糯稻(圓糯),474,2123,
2014,澎湖縣,水稻,稉糯稻(圓糯),-,-,
2014,基隆市,水稻,稉糯稻(圓糯),-,-,
2014,新竹市,水稻,稉糯稻(圓糯),-,-,
2014,嘉義市,水稻,稉糯稻(圓糯),54,290,
2014,新北市,水稻,秈糯稻(長糯),-,-,
2014,台北市,水稻,秈糯稻(長糯),-,-,
2014,台中市,水稻,秈糯稻(長糯),1,5,
2014,台南市,水稻,秈糯稻(長糯),1970,11058,
2014,高雄市,水稻,秈糯稻(長糯),294,1688,
2014,宜蘭縣,水稻,秈糯稻(長糯),12,56,
2014,桃園縣,水稻,秈糯稻(長糯),-,-,
2014,新竹縣,水稻,秈糯稻(長糯),-,-,
2014,苗栗縣,水稻,秈糯稻(長糯),9,42,
2014,彰化縣,水稻,秈糯稻(長糯),3676,19377,
2014,南投縣,水稻,秈糯稻(長糯),54,267,
2014,雲林縣,水稻,秈糯稻(長糯),1494,9133,
2014,嘉義縣,水稻,秈糯稻(長糯),204,1132,
2014,屏東縣,水稻,秈糯稻(長糯),91,532,
2014,台東縣,水稻,秈糯稻(長糯),-,-,
2014,花蓮縣,水稻,秈糯稻(長糯),69,308,
2014,澎湖縣,水稻,秈糯稻(長糯),-,-,
2014,基隆市,水稻,秈糯稻(長糯),-,-,
2014,新竹市,水稻,秈糯稻(長糯),-,-,
2014,嘉義市,水稻,秈糯稻(長糯),5,25,
2013,新北市,水稻,稉稻(蓬萊),164.02,530.542,
2013,台北市,水稻,稉稻(蓬萊),490.31,1283.862,
2013,台中市,水稻,稉稻(蓬萊),26145.47,115675.556,
2013,台南市,水稻,稉稻(蓬萊),20830.59,92593.937,
2013,高雄市,水稻,稉稻(蓬萊),4758.12,25395.632,
2013,宜蘭縣,水稻,稉稻(蓬萊),9801.85,49788.353,
2013,桃園縣,水稻,稉稻(蓬萊),12747.28,45244.562,
2013,新竹縣,水稻,稉稻(蓬萊),7976.8,34152.706,
2013,苗栗縣,水稻,稉稻(蓬萊),11359.05,51227.32,
2013,彰化縣,水稻,稉稻(蓬萊),35938.1,188168.152,
2013,南投縣,水稻,稉稻(蓬萊),4787.55,23925.868,
2013,雲林縣,水稻,稉稻(蓬萊),38941.86,219367.817,
2013,嘉義縣,水稻,稉稻(蓬萊),32141.82,134513.427,
2013,屏東縣,水稻,稉稻(蓬萊),6327.06,35129.052,
2013,台東縣,水稻,稉稻(蓬萊),12617.96,53806.718,
2013,花蓮縣,水稻,稉稻(蓬萊),16295.65,64342.45,
2013,澎湖縣,水稻,稉稻(蓬萊),0,0,
2013,基隆市,水稻,稉稻(蓬萊),0,0,
2013,新竹市,水稻,稉稻(蓬萊),1073.59,4384.015,
2013,嘉義市,水稻,稉稻(蓬萊),1108.7,4845.252,
2013,新北市,水稻,硬秈稻(在來),1,3,
2013,台北市,水稻,硬秈稻(在來),0,0,
2013,台中市,水稻,硬秈稻(在來),107.2,465.753,
2013,台南市,水稻,硬秈稻(在來),103.69,415.713,
2013,高雄市,水稻,硬秈稻(在來),2.9,10.121,
2013,宜蘭縣,水稻,硬秈稻(在來),0,0,
2013,桃園縣,水稻,硬秈稻(在來),34.48,111.341,
2013,新竹縣,水稻,硬秈稻(在來),0,0,
2013,苗栗縣,水稻,硬秈稻(在來),13.2,65.123,
2013,彰化縣,水稻,硬秈稻(在來),77,275.849,
2013,南投縣,水稻,硬秈稻(在來),0,0,
2013,雲林縣,水稻,硬秈稻(在來),502.89,2716.773,
2013,嘉義縣,水稻,硬秈稻(在來),689.53,2942.22,
2013,屏東縣,水稻,硬秈稻(在來),468,2750.092,
2013,台東縣,水稻,硬秈稻(在來),0,0,
2013,花蓮縣,水稻,硬秈稻(在來),93.6,326.666,
2013,澎湖縣,水稻,硬秈稻(在來),0,0,
2013,基隆市,水稻,硬秈稻(在來),0,0,
2013,新竹市,水稻,硬秈稻(在來),0,0,
2013,嘉義市,水稻,硬秈稻(在來),275,1241.14,
2013,新北市,水稻,軟秈稻(秈稻),0,0,
2013,台北市,水稻,軟秈稻(秈稻),0,0,
2013,台中市,水稻,軟秈稻(秈稻),94.8,483.185,
2013,台南市,水稻,軟秈稻(秈稻),551.34,2409.744,
2013,高雄市,水稻,軟秈稻(秈稻),68.37,350.049,
2013,宜蘭縣,水稻,軟秈稻(秈稻),873,4277,
2013,桃園縣,水稻,軟秈稻(秈稻),386.71,1340.487,
2013,新竹縣,水稻,軟秈稻(秈稻),15,64.132,
2013,苗栗縣,水稻,軟秈稻(秈稻),20,91.298,
2013,彰化縣,水稻,軟秈稻(秈稻),8123.43,40214.215,
2013,南投縣,水稻,軟秈稻(秈稻),110,557,
2013,雲林縣,水稻,軟秈稻(秈稻),234.66,1230.581,
2013,嘉義縣,水稻,軟秈稻(秈稻),59,262.206,
2013,屏東縣,水稻,軟秈稻(秈稻),0,0,
2013,台東縣,水稻,軟秈稻(秈稻),0,0,
2013,花蓮縣,水稻,軟秈稻(秈稻),509.9,2055.588,
2013,澎湖縣,水稻,軟秈稻(秈稻),0,0,
2013,基隆市,水稻,軟秈稻(秈稻),0,0,
2013,新竹市,水稻,軟秈稻(秈稻),0,0,
2013,嘉義市,水稻,軟秈稻(秈稻),0,0,
2013,新北市,水稻,稉糯稻(圓糯),0.01,0.039,
2013,台北市,水稻,稉糯稻(圓糯),0,0,
2013,台中市,水稻,稉糯稻(圓糯),395.76,1813.147,
2013,台南市,水稻,稉糯稻(圓糯),1220.23,5522.943,
2013,高雄市,水稻,稉糯稻(圓糯),0.5,1.75,
2013,宜蘭縣,水稻,稉糯稻(圓糯),181,923,
2013,桃園縣,水稻,稉糯稻(圓糯),0,0,
2013,新竹縣,水稻,稉糯稻(圓糯),0,0,
2013,苗栗縣,水稻,稉糯稻(圓糯),16.4,67.802,
2013,彰化縣,水稻,稉糯稻(圓糯),209.25,1126.7,
2013,南投縣,水稻,稉糯稻(圓糯),31,142.611,
2013,雲林縣,水稻,稉糯稻(圓糯),2331.65,12618.396,
2013,嘉義縣,水稻,稉糯稻(圓糯),267.5,1098.038,
2013,屏東縣,水稻,稉糯稻(圓糯),9.3,51.561,
2013,台東縣,水稻,稉糯稻(圓糯),122,493.919,
2013,花蓮縣,水稻,稉糯稻(圓糯),258.6,990.667,
2013,澎湖縣,水稻,稉糯稻(圓糯),0,0,
2013,基隆市,水稻,稉糯稻(圓糯),0,0,
2013,新竹市,水稻,稉糯稻(圓糯),0,0,
2013,嘉義市,水稻,稉糯稻(圓糯),55,250.951,
2013,新北市,水稻,秈糯稻(長糯),0,0,
2013,台北市,水稻,秈糯稻(長糯),0,0,
2013,台中市,水稻,秈糯稻(長糯),1,5,
2013,台南市,水稻,秈糯稻(長糯),1721.98,7954.621,
2013,高雄市,水稻,秈糯稻(長糯),572,3188.347,
2013,宜蘭縣,水稻,秈糯稻(長糯),7,40,
2013,桃園縣,水稻,秈糯稻(長糯),0,0,
2013,新竹縣,水稻,秈糯稻(長糯),0,0,
2013,苗栗縣,水稻,秈糯稻(長糯),6.2,26.546,
2013,彰化縣,水稻,秈糯稻(長糯),3972.5,19973.378,
2013,南投縣,水稻,秈糯稻(長糯),58.5,252.023,
2013,雲林縣,水稻,秈糯稻(長糯),1552.11,8676.947,
2013,嘉義縣,水稻,秈糯稻(長糯),141.69,653.236,
2013,屏東縣,水稻,秈糯稻(長糯),57,320,
2013,台東縣,水稻,秈糯稻(長糯),6.5,24.825,
2013,花蓮縣,水稻,秈糯稻(長糯),35,138.648,
2013,澎湖縣,水稻,秈糯稻(長糯),0,0,
2013,基隆市,水稻,秈糯稻(長糯),0,0,
2013,新竹市,水稻,秈糯稻(長糯),0,0,
2013,嘉義市,水稻,秈糯稻(長糯),15,67.03,
2012,新北市,水稻,稉稻(蓬萊),156.45,687.495,
2012,台北市,水稻,稉稻(蓬萊),492.7,1567.811,
2012,台中市,水稻,稉稻(蓬萊),26359.74,131263.053,
2012,台南市,水稻,稉稻(蓬萊),19774.99,110592.544,
2012,高雄市,水稻,稉稻(蓬萊),4547.75,24354.437,
2012,宜蘭縣,水稻,稉稻(蓬萊),9048.32,44972.547,
2012,桃園縣,水稻,稉稻(蓬萊),10319.7,43300.531,
2012,新竹縣,水稻,稉稻(蓬萊),7259.89,32947.841,
2012,苗栗縣,水稻,稉稻(蓬萊),10466.72,49260.221,
2012,彰化縣,水稻,稉稻(蓬萊),33991.45,197033.849,
2012,南投縣,水稻,稉稻(蓬萊),4890.86,27136.595,
2012,雲林縣,水稻,稉稻(蓬萊),38780.37,237894.495,
2012,嘉義縣,水稻,稉稻(蓬萊),31343.62,159345.966,
2012,屏東縣,水稻,稉稻(蓬萊),6283.23,35546.467,
2012,台東縣,水稻,稉稻(蓬萊),12418.34,54901.509,
2012,花蓮縣,水稻,稉稻(蓬萊),15931.79,64901.122,
2012,澎湖縣,水稻,稉稻(蓬萊),0,0,
2012,基隆市,水稻,稉稻(蓬萊),0,0,
2012,新竹市,水稻,稉稻(蓬萊),1030.4,4917.821,
2012,嘉義市,水稻,稉稻(蓬萊),983.21,4829.936,
2012,新北市,水稻,硬秈稻(在來),0,0,
2012,台北市,水稻,硬秈稻(在來),0,0,
2012,台中市,水稻,硬秈稻(在來),160.39,764.803,
2012,台南市,水稻,硬秈稻(在來),113.37,595.998,
2012,高雄市,水稻,硬秈稻(在來),30.22,141.619,
2012,宜蘭縣,水稻,硬秈稻(在來),0,0,
2012,桃園縣,水稻,硬秈稻(在來),31.98,108.457,
2012,新竹縣,水稻,硬秈稻(在來),0,0,
2012,苗栗縣,水稻,硬秈稻(在來),7.8,35.872,
2012,彰化縣,水稻,硬秈稻(在來),73,372.585,
2012,南投縣,水稻,硬秈稻(在來),0,0,
2012,雲林縣,水稻,硬秈稻(在來),624.31,3693.608,
2012,嘉義縣,水稻,硬秈稻(在來),699.2,3534.956,
2012,屏東縣,水稻,硬秈稻(在來),437.43,2571.625,
2012,台東縣,水稻,硬秈稻(在來),0,0,
2012,花蓮縣,水稻,硬秈稻(在來),311,1280.443,
2012,澎湖縣,水稻,硬秈稻(在來),0,0,
2012,基隆市,水稻,硬秈稻(在來),0,0,
2012,新竹市,水稻,硬秈稻(在來),0,0,
2012,嘉義市,水稻,硬秈稻(在來),400,2052.608,
2012,新北市,水稻,軟秈稻(秈稻),0,0,
2012,台北市,水稻,軟秈稻(秈稻),0,0,
2012,台中市,水稻,軟秈稻(秈稻),140.58,679.568,
2012,台南市,水稻,軟秈稻(秈稻),611.69,3438.654,
2012,高雄市,水稻,軟秈稻(秈稻),64.54,334.937,
2012,宜蘭縣,水稻,軟秈稻(秈稻),831.35,4144.453,
2012,桃園縣,水稻,軟秈稻(秈稻),251.34,1064.969,
2012,新竹縣,水稻,軟秈稻(秈稻),17.5,74.91,
2012,苗栗縣,水稻,軟秈稻(秈稻),12.2,55.335,
2012,彰化縣,水稻,軟秈稻(秈稻),8454.08,42727.062,
2012,南投縣,水稻,軟秈稻(秈稻),113.7,639.904,
2012,雲林縣,水稻,軟秈稻(秈稻),292.9,1578.193,
2012,嘉義縣,水稻,軟秈稻(秈稻),89,436.542,
2012,屏東縣,水稻,軟秈稻(秈稻),0,0,
2012,台東縣,水稻,軟秈稻(秈稻),0,0,
2012,花蓮縣,水稻,軟秈稻(秈稻),7,26.459,
2012,澎湖縣,水稻,軟秈稻(秈稻),0,0,
2012,基隆市,水稻,軟秈稻(秈稻),0,0,
2012,新竹市,水稻,軟秈稻(秈稻),0,0,
2012,嘉義市,水稻,軟秈稻(秈稻),0,0,
2012,新北市,水稻,稉糯稻(圓糯),0.01,0.045,
2012,台北市,水稻,稉糯稻(圓糯),0,0,
2012,台中市,水稻,稉糯稻(圓糯),442.19,2215.089,
2012,台南市,水稻,稉糯稻(圓糯),869.8,4860.081,
2012,高雄市,水稻,稉糯稻(圓糯),6,33.432,
2012,宜蘭縣,水稻,稉糯稻(圓糯),114.2,567.643,
2012,桃園縣,水稻,稉糯稻(圓糯),0,0,
2012,新竹縣,水稻,稉糯稻(圓糯),0,0,
2012,苗栗縣,水稻,稉糯稻(圓糯),22.43,94.754,
2012,彰化縣,水稻,稉糯稻(圓糯),265.27,1438.983,
2012,南投縣,水稻,稉糯稻(圓糯),8,37.691,
2012,雲林縣,水稻,稉糯稻(圓糯),2661.04,16549.394,
2012,嘉義縣,水稻,稉糯稻(圓糯),260.5,1285.842,
2012,屏東縣,水稻,稉糯稻(圓糯),38,215.196,
2012,台東縣,水稻,稉糯稻(圓糯),114.2,511.801,
2012,花蓮縣,水稻,稉糯稻(圓糯),344.9,1330.952,
2012,澎湖縣,水稻,稉糯稻(圓糯),0,0,
2012,基隆市,水稻,稉糯稻(圓糯),0,0,
2012,新竹市,水稻,稉糯稻(圓糯),0,0,
2012,嘉義市,水稻,稉糯稻(圓糯),34,156.533,
2012,新北市,水稻,秈糯稻(長糯),0.3,1.294,
2012,台北市,水稻,秈糯稻(長糯),0,0,
2012,台中市,水稻,秈糯稻(長糯),1.5,8.384,
2012,台南市,水稻,秈糯稻(長糯),1887.54,10756.273,
2012,高雄市,水稻,秈糯稻(長糯),311.5,1707.01,
2012,宜蘭縣,水稻,秈糯稻(長糯),0,0,
2012,桃園縣,水稻,秈糯稻(長糯),0,0,
2012,新竹縣,水稻,秈糯稻(長糯),0,0,
2012,苗栗縣,水稻,秈糯稻(長糯),6.2,26.474,
2012,彰化縣,水稻,秈糯稻(長糯),3923.18,21154.258,
2012,南投縣,水稻,秈糯稻(長糯),8.2,35.875,
2012,雲林縣,水稻,秈糯稻(長糯),1366.3,8350.084,
2012,嘉義縣,水稻,秈糯稻(長糯),101.55,501.608,
2012,屏東縣,水稻,秈糯稻(長糯),35.7,201.042,
2012,台東縣,水稻,秈糯稻(長糯),1,3.385,
2012,花蓮縣,水稻,秈糯稻(長糯),61.5,252.522,
2012,澎湖縣,水稻,秈糯稻(長糯),0,0,
2012,基隆市,水稻,秈糯稻(長糯),0,0,
2012,新竹市,水稻,秈糯稻(長糯),0,0,
2012,嘉義市,水稻,秈糯稻(長糯),23,111.684,
2011,新北市,水稻,稉稻(蓬萊),177.67,787.714,
2011,台北市,水稻,稉稻(蓬萊),493.82,1589.423,
2011,台中市,水稻,稉稻(蓬萊),26925.08,141910.278,
2011,台南市,水稻,稉稻(蓬萊),18565.18,102599.304,
2011,高雄市,水稻,稉稻(蓬萊),4301.12,23435.834,
2011,宜蘭縣,水稻,稉稻(蓬萊),8404.04,45699.032,
2011,桃園縣,水稻,稉稻(蓬萊),10693,45289.54,
2011,新竹縣,水稻,稉稻(蓬萊),7093.42,33633.591,
2011,苗栗縣,水稻,稉稻(蓬萊),10238.19,47554.291,
2011,彰化縣,水稻,稉稻(蓬萊),31860.11,176655.51,
2011,南投縣,水稻,稉稻(蓬萊),4672.28,24367.425,
2011,雲林縣,水稻,稉稻(蓬萊),36638.712,224190.187,
2011,嘉義縣,水稻,稉稻(蓬萊),29747.91,160932.215,
2011,屏東縣,水稻,稉稻(蓬萊),6024.68,33705.901,
2011,台東縣,水稻,稉稻(蓬萊),12180.01,53704.472,
2011,花蓮縣,水稻,稉稻(蓬萊),15462.03,67233.536,
2011,澎湖縣,水稻,稉稻(蓬萊),0,0,
2011,基隆市,水稻,稉稻(蓬萊),0,0,
2011,新竹市,水稻,稉稻(蓬萊),1235.89,5715.019,
2011,嘉義市,水稻,稉稻(蓬萊),933.4,4633.881,
2011,新北市,水稻,硬秈稻(在來),0,0,
2011,台北市,水稻,硬秈稻(在來),0,0,
2011,台中市,水稻,硬秈稻(在來),156.15,734.498,
2011,台南市,水稻,硬秈稻(在來),93.01,474.829,
2011,高雄市,水稻,硬秈稻(在來),3.3,16.172,
2011,宜蘭縣,水稻,硬秈稻(在來),0,0,
2011,桃園縣,水稻,硬秈稻(在來),32.38,120.186,
2011,新竹縣,水稻,硬秈稻(在來),0,0,
2011,苗栗縣,水稻,硬秈稻(在來),25.4,108.329,
2011,彰化縣,水稻,硬秈稻(在來),113,528.014,
2011,南投縣,水稻,硬秈稻(在來),5.33,27.123,
2011,雲林縣,水稻,硬秈稻(在來),760.27,4355.381,
2011,嘉義縣,水稻,硬秈稻(在來),826.1,4387.548,
2011,屏東縣,水稻,硬秈稻(在來),381.54,2233.349,
2011,台東縣,水稻,硬秈稻(在來),0,0,
2011,花蓮縣,水稻,硬秈稻(在來),62,297.635,
2011,澎湖縣,水稻,硬秈稻(在來),0,0,
2011,基隆市,水稻,硬秈稻(在來),0,0,
2011,新竹市,水稻,硬秈稻(在來),0,0,
2011,嘉義市,水稻,硬秈稻(在來),400,1862.241,
2011,新北市,水稻,軟秈稻(秈稻),0,0,
2011,台北市,水稻,軟秈稻(秈稻),0,0,
2011,台中市,水稻,軟秈稻(秈稻),119,616.107,
2011,台南市,水稻,軟秈稻(秈稻),650.35,3557.728,
2011,高雄市,水稻,軟秈稻(秈稻),73.65,381.481,
2011,宜蘭縣,水稻,軟秈稻(秈稻),872.45,4761.597,
2011,桃園縣,水稻,軟秈稻(秈稻),179.21,780.243,
2011,新竹縣,水稻,軟秈稻(秈稻),0,0,
2011,苗栗縣,水稻,軟秈稻(秈稻),10.95,45.129,
2011,彰化縣,水稻,軟秈稻(秈稻),9946.07,52457.476,
2011,南投縣,水稻,軟秈稻(秈稻),166.05,943.285,
2011,雲林縣,水稻,軟秈稻(秈稻),385.46,2362.423,
2011,嘉義縣,水稻,軟秈稻(秈稻),15,66.345,
2011,屏東縣,水稻,軟秈稻(秈稻),0,0,
2011,台東縣,水稻,軟秈稻(秈稻),0,0,
2011,花蓮縣,水稻,軟秈稻(秈稻),188,865.172,
2011,澎湖縣,水稻,軟秈稻(秈稻),0,0,
2011,基隆市,水稻,軟秈稻(秈稻),0,0,
2011,新竹市,水稻,軟秈稻(秈稻),0,0,
2011,嘉義市,水稻,軟秈稻(秈稻),0,0,
2011,新北市,水稻,稉糯稻(圓糯),0.01,0.038,
2011,台北市,水稻,稉糯稻(圓糯),0,0,
2011,台中市,水稻,稉糯稻(圓糯),481.05,2400.228,
2011,台南市,水稻,稉糯稻(圓糯),724.7,4125.11,
2011,高雄市,水稻,稉糯稻(圓糯),6,34.945,
2011,宜蘭縣,水稻,稉糯稻(圓糯),171.53,918.842,
2011,桃園縣,水稻,稉糯稻(圓糯),2.55,9.314,
2011,新竹縣,水稻,稉糯稻(圓糯),0,0,
2011,苗栗縣,水稻,稉糯稻(圓糯),19.78,80.632,
2011,彰化縣,水稻,稉糯稻(圓糯),295.02,1507.479,
2011,南投縣,水稻,稉糯稻(圓糯),8.5,43.789,
2011,雲林縣,水稻,稉糯稻(圓糯),2975.86,17249.266,
2011,嘉義縣,水稻,稉糯稻(圓糯),328,1752.025,
2011,屏東縣,水稻,稉糯稻(圓糯),41.6,227.569,
2011,台東縣,水稻,稉糯稻(圓糯),146.8,612.334,
2011,花蓮縣,水稻,稉糯稻(圓糯),623.6,2857.807,
2011,澎湖縣,水稻,稉糯稻(圓糯),0,0,
2011,基隆市,水稻,稉糯稻(圓糯),0,0,
2011,新竹市,水稻,稉糯稻(圓糯),0,0,
2011,嘉義市,水稻,稉糯稻(圓糯),70,330.907,
2011,新北市,水稻,秈糯稻(長糯),0.2,0.768,
2011,台北市,水稻,秈糯稻(長糯),0,0,
2011,台中市,水稻,秈糯稻(長糯),1.75,9.539,
2011,台南市,水稻,秈糯稻(長糯),1772.35,10265.909,
2011,高雄市,水稻,秈糯稻(長糯),311,1801.574,
2011,宜蘭縣,水稻,秈糯稻(長糯),6,32.286,
2011,桃園縣,水稻,秈糯稻(長糯),0,0,
2011,新竹縣,水稻,秈糯稻(長糯),0,0,
2011,苗栗縣,水稻,秈糯稻(長糯),6.19,24.079,
2011,彰化縣,水稻,秈糯稻(長糯),3411.11,17665.99,
2011,南投縣,水稻,秈糯稻(長糯),7,33.293,
2011,雲林縣,水稻,秈糯稻(長糯),1370.2,8308.801,
2011,嘉義縣,水稻,秈糯稻(長糯),138.15,741.856,
2011,屏東縣,水稻,秈糯稻(長糯),107.2,591.684,
2011,台東縣,水稻,秈糯稻(長糯),21,85.71,
2011,花蓮縣,水稻,秈糯稻(長糯),73.2,324.346,
2011,澎湖縣,水稻,秈糯稻(長糯),0,0,
2011,基隆市,水稻,秈糯稻(長糯),0,0,
2011,新竹市,水稻,秈糯稻(長糯),0,0,
2011,嘉義市,水稻,秈糯稻(長糯),23,110.665,

